bricks,hinges,modules,size,proportion2d,proportionNiels,single_neighbour_brick_ratio,single_neighbour_ratio,double_neighbour_brick_and_active_hinge_ratio,maxrel_llimbs,meanrel_llimbs,stdrel_llimbs,nlimbs,joints,joint_brick_ratio,symmetry_incl1,symmetry_incl2,symmetry_incl3,symmetry_incl4,symmetry_excl1,symmetry_excl2,symmetry_excl3,symmetry_excl4,coverage,branching,surface_area,id_string,experiment_id,generation_index,individual_index
3,14,18,0.9,0.5714285714285714,0.21479315980594751,0.6666666666666666,0.5,0.6875,0.35294117647058826,0.23529411764705882,0.2808833628231622,4,0.125,0.8235294117647058,0.5217391304347826,0.5217391304347826,0.6666666666666666,0.8888888888888888,0.6956521739130435,0.6956521739130435,0.8333333333333334,0.8888888888888888,0.16071428571428573,0.25,0.27611940298507465,18|700-A-740-A01-780-C41-813-A-814-A01-815-A01-816-A01-817-A01-818-A01-819-C41-821-C41-822-A01-823-A01-824-A01-825-A01-826-A-860-C41-900-A01-940-B0111-941-B-980-B-,10,60,59901
3,14,18,0.9,0.5714285714285714,0.21479315980594751,0.6666666666666666,0.5,0.6875,0.35294117647058826,0.23529411764705882,0.2808833628231622,4,0.125,0.8235294117647058,0.5217391304347826,0.5217391304347826,0.6666666666666666,0.8888888888888888,0.6956521739130435,0.6956521739130435,0.8333333333333334,0.8888888888888888,0.16071428571428573,0.25,0.27611940298507465,18|700-A-740-A01-780-C41-813-A-814-A01-815-A01-816-A01-817-A01-818-A01-819-C41-821-C41-822-A01-823-A01-824-A01-825-A01-826-A-860-C41-900-A01-940-B0111-941-B-980-B-,10,60,59902
3,14,18,0.9,0.5714285714285714,0.21479315980594751,0.6666666666666666,0.5,0.6875,0.35294117647058826,0.23529411764705882,0.2808833628231622,4,0.125,0.8235294117647058,0.5217391304347826,0.5217391304347826,0.6666666666666666,0.8888888888888888,0.6956521739130435,0.6956521739130435,0.8333333333333334,0.8888888888888888,0.16071428571428573,0.25,0.27611940298507465,18|700-A-740-A01-780-C41-813-A-814-A01-815-A01-816-A01-817-A01-818-A01-819-C41-821-C41-822-A01-823-A01-824-A01-825-A01-826-A-860-C41-900-A01-940-B0111-941-B-980-B-,10,60,59903
0,19,20,1.0,0.9230769230769231,0.10078180081645664,0.0,1.0,0.8333333333333334,0.3157894736842105,0.25,0.12765694770084507,4,0.0,1.0,0.96,0.88,0.9333333333333333,0.875,0.96,0.88,0.9333333333333333,0.875,0.1282051282051282,1.0,0.2154696132596685,20|1034-C41-1078-A01-1122-A01-1166-A01-1210-A-726-A-770-A01-814-A01-858-A01-902-A01-946-C41-983-A-984-A01-985-A01-986-A01-987-A01-988-A01-989-C41-991-C41-992-A01-993-A01-994-A01-995-A-,10,60,59904
3,14,18,0.9,0.5714285714285714,0.21479315980594751,0.6666666666666666,0.5,0.6875,0.35294117647058826,0.23529411764705882,0.2808833628231622,4,0.125,0.8235294117647058,0.5217391304347826,0.5217391304347826,0.6666666666666666,0.8888888888888888,0.6956521739130435,0.6956521739130435,0.8333333333333334,0.8888888888888888,0.16071428571428573,0.25,0.27611940298507465,18|700-A-740-A01-780-C41-813-A-814-A01-815-A01-816-A01-817-A01-818-A01-819-C41-821-C41-822-A01-823-A01-824-A01-825-A01-826-A-860-C41-900-A01-940-B0111-941-B-980-B-,10,60,59905
3,14,18,0.9,0.5714285714285714,0.21479315980594751,0.6666666666666666,0.5,0.6875,0.35294117647058826,0.23529411764705882,0.2808833628231622,4,0.125,0.8235294117647058,0.5217391304347826,0.5217391304347826,0.6666666666666666,0.8888888888888888,0.6956521739130435,0.6956521739130435,0.8333333333333334,0.8888888888888888,0.16071428571428573,0.25,0.27611940298507465,18|700-A-740-A01-780-C41-813-A-814-A01-815-A01-816-A01-817-A01-818-A01-819-C41-821-C41-822-A01-823-A01-824-A01-825-A01-826-A-860-C41-900-A01-940-B0111-941-B-980-B-,10,60,59906
13,0,14,0.7,0.6666666666666666,0.19358549834027566,0.6,0.6,0.4166666666666667,0.38461538461538464,0.21153846153846154,0.3795166950355407,4,0.0,0.0,0.631578947368421,0.7368421052631579,0.75,0.6153846153846154,0.631578947368421,0.7368421052631579,0.75,0.6153846153846154,0.25925925925925924,0.25,0.463768115942029,14|432-B-464-B01-493-B-496-C41-525-B1121-526-B01-527-C41-529-C41-530-B-557-B-560-C41-592-B01-624-B0111-625-B-656-B01-688-B21-689-B-,10,60,59907
3,14,18,0.9,0.5714285714285714,0.21479315980594751,0.6666666666666666,0.5,0.6875,0.35294117647058826,0.23529411764705882,0.2808833628231622,4,0.125,0.8235294117647058,0.5217391304347826,0.5217391304347826,0.6666666666666666,0.8888888888888888,0.6956521739130435,0.6956521739130435,0.8333333333333334,0.8888888888888888,0.16071428571428573,0.25,0.27611940298507465,18|700-A-740-A01-780-C41-813-A-814-A01-815-A01-816-A01-817-A01-818-A01-819-C41-821-C41-822-A01-823-A01-824-A01-825-A01-826-A-860-C41-900-A01-940-B0111-941-B-980-B-,10,60,59908
3,14,18,0.9,0.5714285714285714,0.21479315980594751,0.6666666666666666,0.5,0.6875,0.35294117647058826,0.23529411764705882,0.2808833628231622,4,0.125,0.8235294117647058,0.5217391304347826,0.5217391304347826,0.6666666666666666,0.8888888888888888,0.6956521739130435,0.6956521739130435,0.8333333333333334,0.8888888888888888,0.16071428571428573,0.25,0.27611940298507465,18|700-A-740-A01-780-C41-813-A-814-A01-815-A01-816-A01-817-A01-818-A01-819-C41-821-C41-822-A01-823-A01-824-A01-825-A01-826-A-860-C41-900-A01-940-B0111-941-B-980-B-,10,60,59909
3,14,18,0.9,0.5714285714285714,0.21479315980594751,0.6666666666666666,0.5,0.6875,0.35294117647058826,0.23529411764705882,0.2808833628231622,4,0.125,0.8235294117647058,0.5217391304347826,0.5217391304347826,0.6666666666666666,0.8888888888888888,0.6956521739130435,0.6956521739130435,0.8333333333333334,0.8888888888888888,0.16071428571428573,0.25,0.27611940298507465,18|700-A-740-A01-780-C41-813-A-814-A01-815-A01-816-A01-817-A01-818-A01-819-C41-821-C41-822-A01-823-A01-824-A01-825-A01-826-A-860-C41-900-A01-940-B0111-941-B-980-B-,10,60,59910
5,14,20,1.0,0.5714285714285714,0.19218335351058463,0.75,0.42857142857142855,0.6111111111111112,0.3157894736842105,0.2236842105263158,0.2277100170213244,4,0.1111111111111111,0.7368421052631579,0.48,0.48,0.5714285714285714,0.9,0.64,0.64,0.7142857142857143,0.9,0.17857142857142858,0.16666666666666666,0.291044776119403,20|1034-C40-1078-A00-1121-B-1122-B0010-1165-B-1166-B1020-1167-B-858-A-902-A00-946-C40-983-A-984-A00-985-A00-986-A00-987-A00-988-A00-989-C40-991-C40-992-A00-993-A00-994-A00-995-A00-996-A-,10,60,59911
3,14,18,0.9,0.5714285714285714,0.21479315980594751,0.6666666666666666,0.5,0.6875,0.35294117647058826,0.23529411764705882,0.2808833628231622,4,0.125,0.8235294117647058,0.5217391304347826,0.5217391304347826,0.6666666666666666,0.8888888888888888,0.6956521739130435,0.6956521739130435,0.8333333333333334,0.8888888888888888,0.16071428571428573,0.25,0.27611940298507465,18|700-A-740-A01-780-C41-813-A-814-A01-815-A01-816-A01-817-A01-818-A01-819-C41-821-C41-822-A01-823-A01-824-A01-825-A01-826-A-860-C41-900-A01-940-B0111-941-B-980-B-,10,60,59912
3,14,18,0.9,0.5714285714285714,0.21479315980594751,0.6666666666666666,0.5,0.6875,0.35294117647058826,0.23529411764705882,0.2808833628231622,4,0.125,0.8235294117647058,0.5217391304347826,0.5217391304347826,0.6666666666666666,0.8888888888888888,0.6956521739130435,0.6956521739130435,0.8333333333333334,0.8888888888888888,0.16071428571428573,0.25,0.27611940298507465,18|700-A-740-A01-780-C41-813-A-814-A01-815-A01-816-A01-817-A01-818-A01-819-C41-821-C41-822-A01-823-A01-824-A01-825-A01-826-A-860-C41-900-A01-940-B0111-941-B-980-B-,10,60,59913
3,14,18,0.9,0.5714285714285714,0.21479315980594751,0.6666666666666666,0.5,0.6875,0.35294117647058826,0.23529411764705882,0.2808833628231622,4,0.125,0.8235294117647058,0.5217391304347826,0.5217391304347826,0.6666666666666666,0.8888888888888888,0.6956521739130435,0.6956521739130435,0.8333333333333334,0.8888888888888888,0.16071428571428573,0.25,0.27611940298507465,18|700-A-740-A01-780-C41-813-A-814-A01-815-A01-816-A01-817-A01-818-A01-819-C41-821-C41-822-A01-823-A01-824-A01-825-A01-826-A-860-C41-900-A01-940-B0111-941-B-980-B-,10,60,59914
3,14,18,0.9,0.5714285714285714,0.21479315980594751,0.6666666666666666,0.5,0.6875,0.35294117647058826,0.23529411764705882,0.2808833628231622,4,0.125,0.8235294117647058,0.5217391304347826,0.5217391304347826,0.6666666666666666,0.8888888888888888,0.6956521739130435,0.6956521739130435,0.8333333333333334,0.8888888888888888,0.16071428571428573,0.25,0.27611940298507465,18|700-A-740-A01-780-C41-813-A-814-A01-815-A01-816-A01-817-A01-818-A01-819-C41-821-C41-822-A01-823-A01-824-A01-825-A01-826-A-860-C41-900-A01-940-B0111-941-B-980-B-,10,60,59915
13,0,14,0.7,0.6666666666666666,0.19358549834027566,0.6,0.6,0.4166666666666667,0.38461538461538464,0.21153846153846154,0.3795166950355407,4,0.0,0.0,0.631578947368421,0.7368421052631579,0.75,0.6153846153846154,0.631578947368421,0.7368421052631579,0.75,0.6153846153846154,0.25925925925925924,0.25,0.463768115942029,14|432-B-464-B01-493-B-496-C41-525-B1121-526-B01-527-C41-529-C41-530-B-557-B-560-C41-592-B01-624-B0111-625-B-656-B01-688-B21-689-B-,10,60,59916
3,14,18,0.9,0.5714285714285714,0.21479315980594751,0.6666666666666666,0.5,0.6875,0.35294117647058826,0.23529411764705882,0.2808833628231622,4,0.125,0.8235294117647058,0.5217391304347826,0.5217391304347826,0.6666666666666666,0.8888888888888888,0.6956521739130435,0.6956521739130435,0.8333333333333334,0.8888888888888888,0.16071428571428573,0.25,0.27611940298507465,18|700-A-740-A01-780-C41-813-A-814-A01-815-A01-816-A01-817-A01-818-A01-819-C41-821-C41-822-A01-823-A01-824-A01-825-A01-826-A-860-C41-900-A01-940-B0111-941-B-980-B-,10,60,59917
0,19,20,1.0,0.9230769230769231,0.10078180081645664,0.0,1.0,0.8333333333333334,0.3157894736842105,0.25,0.12765694770084507,4,0.0,1.0,0.96,0.88,0.9333333333333333,0.875,0.96,0.88,0.9333333333333333,0.875,0.1282051282051282,1.0,0.2154696132596685,20|1034-C40-1078-A00-1122-A00-1166-A00-1210-A-726-A-770-A00-814-A00-858-A00-902-A00-946-C40-983-A-984-A00-985-A00-986-A00-987-A00-988-A00-989-C40-991-C40-992-A00-993-A00-994-A00-995-A-,10,60,59918
3,14,18,0.9,0.5714285714285714,0.21479315980594751,0.6666666666666666,0.5,0.6875,0.35294117647058826,0.23529411764705882,0.2808833628231622,4,0.125,0.8235294117647058,0.5217391304347826,0.5217391304347826,0.6666666666666666,0.8888888888888888,0.6956521739130435,0.6956521739130435,0.8333333333333334,0.8888888888888888,0.16071428571428573,0.25,0.27611940298507465,18|700-A-740-A01-780-C41-813-A-814-A01-815-A01-816-A01-817-A01-818-A01-819-C41-821-C41-822-A01-823-A01-824-A01-825-A01-826-A-860-C41-900-A01-940-B0111-941-B-980-B-,10,60,59919
13,0,14,0.7,0.6666666666666666,0.19358549834027566,0.6,0.6,0.4166666666666667,0.38461538461538464,0.21153846153846154,0.3795166950355407,4,0.0,0.0,0.631578947368421,0.7368421052631579,0.75,0.6153846153846154,0.631578947368421,0.7368421052631579,0.75,0.6153846153846154,0.25925925925925924,0.25,0.463768115942029,14|432-B-464-B01-493-B-496-C41-525-B1121-526-B01-527-C41-529-C41-530-B-557-B-560-C41-592-B01-624-B0111-625-B-656-B01-688-B21-689-B-,10,60,59920
3,14,18,0.9,0.5714285714285714,0.21479315980594751,0.6666666666666666,0.5,0.6875,0.35294117647058826,0.23529411764705882,0.2808833628231622,4,0.125,0.8235294117647058,0.5217391304347826,0.5217391304347826,0.6666666666666666,0.8888888888888888,0.6956521739130435,0.6956521739130435,0.8333333333333334,0.8888888888888888,0.16071428571428573,0.25,0.27611940298507465,18|700-A-740-A01-780-C41-813-A-814-A01-815-A01-816-A01-817-A01-818-A01-819-C41-821-C41-822-A01-823-A01-824-A01-825-A01-826-A-860-C41-900-A01-940-B0111-941-B-980-B-,10,60,59921
3,14,18,0.9,0.5714285714285714,0.21479315980594751,0.6666666666666666,0.5,0.6875,0.35294117647058826,0.23529411764705882,0.2808833628231622,4,0.125,0.8235294117647058,0.5217391304347826,0.5217391304347826,0.6666666666666666,0.8888888888888888,0.6956521739130435,0.6956521739130435,0.8333333333333334,0.8888888888888888,0.16071428571428573,0.25,0.27611940298507465,18|700-A-740-A01-780-C41-813-A-814-A01-815-A01-816-A01-817-A01-818-A01-819-C41-821-C41-822-A01-823-A01-824-A01-825-A01-826-A-860-C41-900-A01-940-B0111-941-B-980-B-,10,60,59922
3,14,18,0.9,0.5714285714285714,0.21479315980594751,0.6666666666666666,0.5,0.6875,0.35294117647058826,0.23529411764705882,0.2808833628231622,4,0.125,0.8235294117647058,0.5217391304347826,0.5217391304347826,0.6666666666666666,0.8888888888888888,0.6956521739130435,0.6956521739130435,0.8333333333333334,0.8888888888888888,0.16071428571428573,0.25,0.27611940298507465,18|700-A-740-A01-780-C41-813-A-814-A01-815-A01-816-A01-817-A01-818-A01-819-C41-821-C41-822-A01-823-A01-824-A01-825-A01-826-A-860-C41-900-A01-940-B0111-941-B-980-B-,10,60,59923
3,14,18,0.9,0.5714285714285714,0.21479315980594751,0.6666666666666666,0.5,0.6875,0.35294117647058826,0.23529411764705882,0.2808833628231622,4,0.125,0.8235294117647058,0.5217391304347826,0.5217391304347826,0.6666666666666666,0.8888888888888888,0.6956521739130435,0.6956521739130435,0.8333333333333334,0.8888888888888888,0.16071428571428573,0.25,0.27611940298507465,18|700-A-740-A01-780-C41-813-A-814-A01-815-A01-816-A01-817-A01-818-A01-819-C41-821-C41-822-A01-823-A01-824-A01-825-A01-826-A-860-C41-900-A01-940-B0111-941-B-980-B-,10,60,59924
3,14,18,0.9,0.5714285714285714,0.21479315980594751,0.6666666666666666,0.5,0.6875,0.35294117647058826,0.23529411764705882,0.2808833628231622,4,0.125,0.8235294117647058,0.5217391304347826,0.5217391304347826,0.6666666666666666,0.8888888888888888,0.6956521739130435,0.6956521739130435,0.8333333333333334,0.8888888888888888,0.16071428571428573,0.25,0.27611940298507465,18|700-A-740-A01-780-C41-813-A-814-A01-815-A01-816-A01-817-A01-818-A01-819-C41-821-C41-822-A01-823-A01-824-A01-825-A01-826-A-860-C41-900-A01-940-B0111-941-B-980-B-,10,60,59925
3,14,18,0.9,0.5714285714285714,0.21479315980594751,0.6666666666666666,0.5,0.6875,0.35294117647058826,0.23529411764705882,0.2808833628231622,4,0.125,0.8235294117647058,0.5217391304347826,0.5217391304347826,0.6666666666666666,0.8888888888888888,0.6956521739130435,0.6956521739130435,0.8333333333333334,0.8888888888888888,0.16071428571428573,0.25,0.27611940298507465,18|700-A-740-A01-780-C41-813-A-814-A01-815-A01-816-A01-817-A01-818-A01-819-C41-821-C41-822-A01-823-A01-824-A01-825-A01-826-A-860-C41-900-A01-940-B0111-941-B-980-B-,10,60,59926
12,3,16,0.8,0.6666666666666666,0.16777409856157222,0.4444444444444444,0.5454545454545454,0.5,0.3333333333333333,0.18333333333333332,0.3105136595745333,4,0.0,0.2,0.38095238095238093,0.47619047619047616,0.3333333333333333,0.5333333333333333,0.5714285714285714,0.6666666666666666,0.6666666666666666,0.5333333333333333,0.2962962962962963,0.25,0.4927536231884058,16|558-A-594-A01-627-A-630-C41-663-B1121-664-B01-665-C41-667-C41-668-B-699-B-702-C41-738-B01-774-B0111-775-B01-776-B11-810-B01-812-B-846-B21-847-B-,10,60,59927
3,14,18,0.9,0.5714285714285714,0.21479315980594751,0.6666666666666666,0.5,0.6875,0.35294117647058826,0.23529411764705882,0.2808833628231622,4,0.125,0.8235294117647058,0.5217391304347826,0.5217391304347826,0.6666666666666666,0.8888888888888888,0.6956521739130435,0.6956521739130435,0.8333333333333334,0.8888888888888888,0.16071428571428573,0.25,0.27611940298507465,18|700-A-740-A01-780-C41-813-A-814-A01-815-A01-816-A01-817-A01-818-A01-819-C41-821-C41-822-A01-823-A01-824-A01-825-A01-826-A-860-C41-900-A01-940-B0111-941-B-980-B-,10,60,59928
13,0,14,0.7,0.6666666666666666,0.19358549834027566,0.6,0.6,0.4166666666666667,0.38461538461538464,0.21153846153846154,0.3795166950355407,4,0.0,0.0,0.631578947368421,0.7368421052631579,0.75,0.6153846153846154,0.631578947368421,0.7368421052631579,0.75,0.6153846153846154,0.25925925925925924,0.25,0.463768115942029,14|432-B-464-B01-493-B-496-C41-525-B1121-526-B01-527-C41-529-C41-530-B-557-B-560-C41-592-B01-624-B0111-625-B-656-B01-688-B21-689-B-,10,60,59929
3,14,18,0.9,0.5714285714285714,0.21479315980594751,0.6666666666666666,0.5,0.6875,0.35294117647058826,0.23529411764705882,0.2808833628231622,4,0.125,0.8235294117647058,0.5217391304347826,0.5217391304347826,0.6666666666666666,0.8888888888888888,0.6956521739130435,0.6956521739130435,0.8333333333333334,0.8888888888888888,0.16071428571428573,0.25,0.27611940298507465,18|700-A-740-A01-780-C41-813-A-814-A01-815-A01-816-A01-817-A01-818-A01-819-C41-821-C41-822-A01-823-A01-824-A01-825-A01-826-A-860-C41-900-A01-940-B0111-941-B-980-B-,10,60,59930
3,14,18,0.9,0.5714285714285714,0.21479315980594751,0.6666666666666666,0.5,0.6875,0.35294117647058826,0.23529411764705882,0.2808833628231622,4,0.125,0.8235294117647058,0.5217391304347826,0.5217391304347826,0.6666666666666666,0.8888888888888888,0.6956521739130435,0.6956521739130435,0.8333333333333334,0.8888888888888888,0.16071428571428573,0.25,0.27611940298507465,18|700-A-740-A01-780-C41-813-A-814-A01-815-A01-816-A01-817-A01-818-A01-819-C41-821-C41-822-A01-823-A01-824-A01-825-A01-826-A-860-C41-900-A01-940-B0111-941-B-980-B-,10,60,59931
3,14,18,0.9,0.5714285714285714,0.21479315980594751,0.6666666666666666,0.5,0.6875,0.35294117647058826,0.23529411764705882,0.2808833628231622,4,0.125,0.8235294117647058,0.5217391304347826,0.5217391304347826,0.6666666666666666,0.8888888888888888,0.6956521739130435,0.6956521739130435,0.8333333333333334,0.8888888888888888,0.16071428571428573,0.25,0.27611940298507465,18|700-A-740-A01-780-C41-813-A-814-A01-815-A01-816-A01-817-A01-818-A01-819-C41-821-C41-822-A01-823-A01-824-A01-825-A01-826-A-860-C41-900-A01-940-B0111-941-B-980-B-,10,60,59932
3,14,18,0.9,0.5714285714285714,0.21479315980594751,0.6666666666666666,0.5,0.6875,0.35294117647058826,0.23529411764705882,0.2808833628231622,4,0.125,0.8235294117647058,0.5217391304347826,0.5217391304347826,0.6666666666666666,0.8888888888888888,0.6956521739130435,0.6956521739130435,0.8333333333333334,0.8888888888888888,0.16071428571428573,0.25,0.27611940298507465,18|700-A-740-A01-780-C41-813-A-814-A01-815-A01-816-A01-817-A01-818-A01-819-C41-821-C41-822-A01-823-A01-824-A01-825-A01-826-A-860-C41-900-A01-940-B0111-941-B-980-B-,10,60,59933
3,14,18,0.9,0.5714285714285714,0.21479315980594751,0.6666666666666666,0.5,0.6875,0.35294117647058826,0.23529411764705882,0.2808833628231622,4,0.125,0.8235294117647058,0.5217391304347826,0.5217391304347826,0.6666666666666666,0.8888888888888888,0.6956521739130435,0.6956521739130435,0.8333333333333334,0.8888888888888888,0.16071428571428573,0.25,0.27611940298507465,18|700-A-740-A01-780-C41-813-A-814-A01-815-A01-816-A01-817-A01-818-A01-819-C41-821-C41-822-A01-823-A01-824-A01-825-A01-826-A-860-C41-900-A01-940-B0111-941-B-980-B-,10,60,59934
3,14,18,0.9,0.5714285714285714,0.21479315980594751,0.6666666666666666,0.5,0.6875,0.35294117647058826,0.23529411764705882,0.2808833628231622,4,0.125,0.8235294117647058,0.5217391304347826,0.5217391304347826,0.6666666666666666,0.8888888888888888,0.6956521739130435,0.6956521739130435,0.8333333333333334,0.8888888888888888,0.16071428571428573,0.25,0.27611940298507465,18|700-A-740-A01-780-C41-813-A-814-A01-815-A01-816-A01-817-A01-818-A01-819-C41-821-C41-822-A01-823-A01-824-A01-825-A01-826-A-860-C41-900-A01-940-B0111-941-B-980-B-,10,60,59935
0,19,20,1.0,0.9230769230769231,0.10078180081645664,0.0,1.0,0.8333333333333334,0.3157894736842105,0.25,0.12765694770084507,4,0.0,1.0,0.96,0.88,0.9333333333333333,0.875,0.96,0.88,0.9333333333333333,0.875,0.1282051282051282,1.0,0.2154696132596685,20|1034-C41-1078-A01-1122-A01-1166-A01-1210-A-726-A-770-A01-814-A01-858-A01-902-A01-946-C41-983-A-984-A01-985-A01-986-A01-987-A01-988-A01-989-C41-991-C41-992-A01-993-A01-994-A01-995-A-,10,60,59936
3,14,18,0.9,0.5714285714285714,0.21479315980594751,0.6666666666666666,0.5,0.6875,0.35294117647058826,0.23529411764705882,0.2808833628231622,4,0.125,0.8235294117647058,0.5217391304347826,0.5217391304347826,0.6666666666666666,0.8888888888888888,0.6956521739130435,0.6956521739130435,0.8333333333333334,0.8888888888888888,0.16071428571428573,0.25,0.27611940298507465,18|700-A-740-A01-780-C41-813-A-814-A01-815-A01-816-A01-817-A01-818-A01-819-C41-821-C41-822-A01-823-A01-824-A01-825-A01-826-A-860-C41-900-A01-940-B0111-941-B-980-B-,10,60,59937
3,14,18,0.9,0.5714285714285714,0.21479315980594751,0.6666666666666666,0.5,0.6875,0.35294117647058826,0.23529411764705882,0.2808833628231622,4,0.125,0.8235294117647058,0.5217391304347826,0.5217391304347826,0.6666666666666666,0.8888888888888888,0.6956521739130435,0.6956521739130435,0.8333333333333334,0.8888888888888888,0.16071428571428573,0.25,0.27611940298507465,18|700-A-740-A01-780-C41-813-A-814-A01-815-A01-816-A01-817-A01-818-A01-819-C41-821-C41-822-A01-823-A01-824-A01-825-A01-826-A-860-C41-900-A01-940-B0111-941-B-980-B-,10,60,59938
0,19,20,1.0,0.9230769230769231,0.10078180081645664,0.0,1.0,0.8333333333333334,0.3157894736842105,0.25,0.12765694770084507,4,0.0,1.0,0.96,0.88,0.9333333333333333,0.875,0.96,0.88,0.9333333333333333,0.875,0.1282051282051282,1.0,0.2154696132596685,20|1034-C41-1078-A01-1122-A01-1166-A01-1210-A-726-A-770-A01-814-A01-858-A01-902-A01-946-C41-983-A-984-A01-985-A01-986-A01-987-A01-988-A01-989-C41-991-C41-992-A01-993-A01-994-A01-995-A-,10,60,59939
5,14,20,1.0,0.5714285714285714,0.19218335351058463,0.75,0.42857142857142855,0.6111111111111112,0.3157894736842105,0.2236842105263158,0.2277100170213244,4,0.1111111111111111,0.7368421052631579,0.48,0.48,0.5714285714285714,0.9,0.64,0.64,0.7142857142857143,0.9,0.17857142857142858,0.16666666666666666,0.291044776119403,20|1034-C40-1078-A00-1121-B-1122-B0010-1165-B-1166-B1020-1167-B-858-A-902-A00-946-C40-983-A-984-A00-985-A00-986-A00-987-A00-988-A00-989-C40-991-C40-992-A00-993-A00-994-A00-995-A00-996-A-,10,60,59940
3,14,18,0.9,0.5714285714285714,0.21479315980594751,0.6666666666666666,0.5,0.6875,0.35294117647058826,0.23529411764705882,0.2808833628231622,4,0.125,0.8235294117647058,0.5217391304347826,0.5217391304347826,0.6666666666666666,0.8888888888888888,0.6956521739130435,0.6956521739130435,0.8333333333333334,0.8888888888888888,0.16071428571428573,0.25,0.27611940298507465,18|700-A-740-A01-780-C41-813-A-814-A01-815-A01-816-A01-817-A01-818-A01-819-C41-821-C41-822-A01-823-A01-824-A01-825-A01-826-A-860-C41-900-A01-940-B0111-941-B-980-B-,10,60,59941
3,14,18,0.9,0.5714285714285714,0.21479315980594751,0.6666666666666666,0.5,0.6875,0.35294117647058826,0.23529411764705882,0.2808833628231622,4,0.125,0.8235294117647058,0.5217391304347826,0.5217391304347826,0.6666666666666666,0.8888888888888888,0.6956521739130435,0.6956521739130435,0.8333333333333334,0.8888888888888888,0.16071428571428573,0.25,0.27611940298507465,18|700-A-740-A01-780-C41-813-A-814-A01-815-A01-816-A01-817-A01-818-A01-819-C41-821-C41-822-A01-823-A01-824-A01-825-A01-826-A-860-C41-900-A01-940-B0111-941-B-980-B-,10,60,59942
3,14,18,0.9,0.5714285714285714,0.21479315980594751,0.6666666666666666,0.5,0.6875,0.35294117647058826,0.23529411764705882,0.2808833628231622,4,0.125,0.8235294117647058,0.5217391304347826,0.5217391304347826,0.6666666666666666,0.8888888888888888,0.6956521739130435,0.6956521739130435,0.8333333333333334,0.8888888888888888,0.16071428571428573,0.25,0.27611940298507465,18|700-A-740-A01-780-C41-813-A-814-A01-815-A01-816-A01-817-A01-818-A01-819-C41-821-C41-822-A01-823-A01-824-A01-825-A01-826-A-860-C41-900-A01-940-B0111-941-B-980-B-,10,60,59943
3,14,18,0.9,0.5714285714285714,0.21479315980594751,0.6666666666666666,0.5,0.6875,0.35294117647058826,0.23529411764705882,0.2808833628231622,4,0.125,0.8235294117647058,0.5217391304347826,0.5217391304347826,0.6666666666666666,0.8888888888888888,0.6956521739130435,0.6956521739130435,0.8333333333333334,0.8888888888888888,0.16071428571428573,0.25,0.27611940298507465,18|700-A-740-A01-780-C41-813-A-814-A01-815-A01-816-A01-817-A01-818-A01-819-C41-821-C41-822-A01-823-A01-824-A01-825-A01-826-A-860-C41-900-A01-940-B0111-941-B-980-B-,10,60,59944
3,14,18,0.9,0.5714285714285714,0.21479315980594751,0.6666666666666666,0.5,0.6875,0.35294117647058826,0.23529411764705882,0.2808833628231622,4,0.125,0.8235294117647058,0.5217391304347826,0.5217391304347826,0.6666666666666666,0.8888888888888888,0.6956521739130435,0.6956521739130435,0.8333333333333334,0.8888888888888888,0.16071428571428573,0.25,0.27611940298507465,18|700-A-740-A01-780-C41-813-A-814-A01-815-A01-816-A01-817-A01-818-A01-819-C41-821-C41-822-A01-823-A01-824-A01-825-A01-826-A-860-C41-900-A01-940-B0111-941-B-980-B-,10,60,59945
3,14,18,0.9,0.5714285714285714,0.21479315980594751,0.6666666666666666,0.5,0.6875,0.35294117647058826,0.23529411764705882,0.2808833628231622,4,0.125,0.8235294117647058,0.5217391304347826,0.5217391304347826,0.6666666666666666,0.8888888888888888,0.6956521739130435,0.6956521739130435,0.8333333333333334,0.8888888888888888,0.16071428571428573,0.25,0.27611940298507465,18|700-A-740-A01-780-C41-813-A-814-A01-815-A01-816-A01-817-A01-818-A01-819-C41-821-C41-822-A01-823-A01-824-A01-825-A01-826-A-860-C41-900-A01-940-B0111-941-B-980-B-,10,60,59946
3,14,18,0.9,0.5714285714285714,0.21479315980594751,0.6666666666666666,0.5,0.6875,0.35294117647058826,0.23529411764705882,0.2808833628231622,4,0.125,0.8235294117647058,0.5217391304347826,0.5217391304347826,0.6666666666666666,0.8888888888888888,0.6956521739130435,0.6956521739130435,0.8333333333333334,0.8888888888888888,0.16071428571428573,0.25,0.27611940298507465,18|700-A-740-A01-780-C41-813-A-814-A01-815-A01-816-A01-817-A01-818-A01-819-C41-821-C41-822-A01-823-A01-824-A01-825-A01-826-A-860-C41-900-A01-940-B0111-941-B-980-B-,10,60,59947
3,14,18,0.9,0.5714285714285714,0.21479315980594751,0.6666666666666666,0.5,0.6875,0.35294117647058826,0.23529411764705882,0.2808833628231622,4,0.125,0.8235294117647058,0.5217391304347826,0.5217391304347826,0.6666666666666666,0.8888888888888888,0.6956521739130435,0.6956521739130435,0.8333333333333334,0.8888888888888888,0.16071428571428573,0.25,0.27611940298507465,18|700-A-740-A01-780-C41-813-A-814-A01-815-A01-816-A01-817-A01-818-A01-819-C41-821-C41-822-A01-823-A01-824-A01-825-A01-826-A-860-C41-900-A01-940-B0111-941-B-980-B-,10,60,59948
13,0,14,0.7,0.6666666666666666,0.19358549834027566,0.6,0.6,0.4166666666666667,0.38461538461538464,0.21153846153846154,0.3795166950355407,4,0.0,0.0,0.631578947368421,0.7368421052631579,0.75,0.6153846153846154,0.631578947368421,0.7368421052631579,0.75,0.6153846153846154,0.25925925925925924,0.25,0.463768115942029,14|432-B-464-B01-493-B-496-C41-525-B1121-526-B01-527-C41-529-C41-530-B-557-B-560-C41-592-B01-624-B0111-625-B-656-B01-688-B21-689-B-,10,60,59949
3,14,18,0.9,0.5714285714285714,0.21479315980594751,0.6666666666666666,0.5,0.6875,0.35294117647058826,0.23529411764705882,0.2808833628231622,4,0.125,0.8235294117647058,0.5217391304347826,0.5217391304347826,0.6666666666666666,0.8888888888888888,0.6956521739130435,0.6956521739130435,0.8333333333333334,0.8888888888888888,0.16071428571428573,0.25,0.27611940298507465,18|700-A-740-A01-780-C41-813-A-814-A01-815-A01-816-A01-817-A01-818-A01-819-C41-821-C41-822-A01-823-A01-824-A01-825-A01-826-A-860-C41-900-A01-940-B0111-941-B-980-B-,10,60,59950
13,0,14,0.7,0.6666666666666666,0.19358549834027566,0.6,0.6,0.4166666666666667,0.38461538461538464,0.21153846153846154,0.3795166950355407,4,0.0,0.0,0.631578947368421,0.7368421052631579,0.75,0.6153846153846154,0.631578947368421,0.7368421052631579,0.75,0.6153846153846154,0.25925925925925924,0.25,0.463768115942029,14|432-B-464-B01-493-B-496-C41-525-B1121-526-B01-527-C41-529-C41-530-B-557-B-560-C41-592-B01-624-B0111-625-B-656-B01-688-B21-689-B-,10,60,59951
15,0,16,0.8,0.8333333333333334,0.12765694770084507,0.8181818181818182,0.8181818181818182,0.14285714285714285,0.2,0.17777777777777776,0.08333333333333333,3,0.0,0.0,0.5714285714285714,0.8,0.6666666666666666,0.7368421052631579,0.5714285714285714,0.8,0.6666666666666666,0.7368421052631579,0.5333333333333333,0.5,0.8292682926829268,16|627-B-628-B-632-B-663-B10-664-B001020-665-C40-667-C40-668-B1020-699-B-700-B10-702-C40-704-B-736-B-737-B0020-738-B001020-739-B-773-B-774-B-,10,60,59952
0,19,20,1.0,0.9230769230769231,0.10078180081645664,0.0,1.0,0.8333333333333334,0.3157894736842105,0.25,0.12765694770084507,4,0.0,1.0,0.96,0.88,0.9333333333333333,0.875,0.96,0.88,0.9333333333333333,0.875,0.1282051282051282,1.0,0.2154696132596685,20|1034-C41-1078-A01-1122-A01-1166-A01-1210-A-726-A-770-A00-814-A00-858-A00-902-A00-946-C40-983-A-984-A00-985-A00-986-A00-987-A00-988-A00-989-C40-991-C40-992-A00-993-A00-994-A00-995-A-,10,60,59953
0,19,20,1.0,0.9230769230769231,0.10078180081645664,0.0,1.0,0.8333333333333334,0.3157894736842105,0.25,0.12765694770084507,4,0.0,1.0,0.96,0.88,0.9333333333333333,0.875,0.96,0.88,0.9333333333333333,0.875,0.1282051282051282,1.0,0.2154696132596685,20|1034-C41-1078-A01-1122-A01-1166-A00-1210-A-726-A-770-A01-814-A01-858-A01-902-A01-946-C41-983-A-984-A01-985-A01-986-A01-987-A01-988-A01-989-C41-991-C41-992-A01-993-A01-994-A01-995-A-,10,60,59954
1,17,19,0.95,0.8461538461538461,0.14344382763731173,1.0,0.6666666666666666,0.8235294117647058,0.3333333333333333,0.25,0.18442777839082938,4,0.0,0.9444444444444444,0.8333333333333334,0.75,0.7142857142857143,0.875,0.9166666666666666,0.8333333333333334,0.8571428571428571,0.875,0.13286713286713286,0.5,0.2275449101796407,19|1029-A01-1071-B-651-A-693-A01-735-A01-777-A01-819-A01-861-C41-896-A-897-A01-898-A01-899-A01-900-A01-901-A01-902-C41-904-C41-905-A01-906-A01-907-A01-908-A-945-C41-987-A01-,10,60,59955
15,0,16,0.8,0.8333333333333334,0.12765694770084507,0.8181818181818182,0.8181818181818182,0.14285714285714285,0.2,0.17777777777777776,0.08333333333333333,3,0.0,0.0,0.5714285714285714,0.8,0.6666666666666666,0.7368421052631579,0.5714285714285714,0.8,0.6666666666666666,0.7368421052631579,0.5333333333333333,0.5,0.8292682926829268,16|627-B-628-B-632-B-663-B10-664-B001020-665-C40-667-C40-668-B1020-699-B-700-B10-702-C40-704-B-736-B-737-B0021-738-B011020-739-B-773-B-774-B-,10,60,59956
3,14,18,0.9,0.5714285714285714,0.21479315980594751,0.6666666666666666,0.5,0.6875,0.35294117647058826,0.23529411764705882,0.2808833628231622,4,0.125,0.8235294117647058,0.5217391304347826,0.5217391304347826,0.6666666666666666,0.8888888888888888,0.6956521739130435,0.6956521739130435,0.8333333333333334,0.8888888888888888,0.16071428571428573,0.25,0.27611940298507465,18|700-A-740-A01-780-C41-813-A-814-A01-815-A01-816-A01-817-A01-818-A01-819-C41-821-C41-822-A01-823-A01-824-A01-825-A01-826-A-860-C41-900-A01-940-B0111-941-B-980-B-,10,60,59957
3,14,18,0.9,0.5714285714285714,0.21479315980594751,0.6666666666666666,0.5,0.6875,0.35294117647058826,0.23529411764705882,0.2808833628231622,4,0.125,0.8235294117647058,0.5217391304347826,0.5217391304347826,0.6666666666666666,0.8888888888888888,0.6956521739130435,0.6956521739130435,0.8333333333333334,0.8888888888888888,0.16071428571428573,0.25,0.27611940298507465,18|700-A-740-A01-780-C41-813-A-814-A01-815-A01-816-A01-817-A01-818-A01-819-C41-821-C41-822-A01-823-A01-824-A01-825-A01-826-A-860-C41-900-A01-940-B0111-941-B-980-B-,10,60,59958
3,14,18,0.9,0.5714285714285714,0.21479315980594751,0.6666666666666666,0.5,0.6875,0.35294117647058826,0.23529411764705882,0.2808833628231622,4,0.125,0.8235294117647058,0.5217391304347826,0.5217391304347826,0.6666666666666666,0.8888888888888888,0.6956521739130435,0.6956521739130435,0.8333333333333334,0.8888888888888888,0.16071428571428573,0.25,0.27611940298507465,18|700-A-740-A01-780-C41-813-A-814-A01-815-A01-816-A01-817-A01-818-A01-819-C41-821-C41-822-A01-823-A01-824-A01-825-A01-826-A-860-C41-900-A01-940-B0111-941-B-980-B-,10,60,59959
3,14,18,0.9,0.5714285714285714,0.21479315980594751,0.6666666666666666,0.5,0.6875,0.35294117647058826,0.23529411764705882,0.2808833628231622,4,0.125,0.8235294117647058,0.5217391304347826,0.5217391304347826,0.6666666666666666,0.8888888888888888,0.6956521739130435,0.6956521739130435,0.8333333333333334,0.8888888888888888,0.16071428571428573,0.25,0.27611940298507465,18|700-A-740-A01-780-C41-813-A-814-A01-815-A01-816-A01-817-A01-818-A01-819-C41-821-C41-822-A01-823-A01-824-A01-825-A01-826-A-860-C41-900-A01-940-B0111-941-B-980-B-,10,60,59960
3,14,18,0.9,0.5714285714285714,0.21479315980594751,0.6666666666666666,0.5,0.6875,0.35294117647058826,0.23529411764705882,0.2808833628231622,4,0.125,0.8235294117647058,0.5217391304347826,0.5217391304347826,0.6666666666666666,0.8888888888888888,0.6956521739130435,0.6956521739130435,0.8333333333333334,0.8888888888888888,0.16071428571428573,0.25,0.27611940298507465,18|700-A-740-A01-780-C41-813-A-814-A01-815-A01-816-A01-817-A01-818-A01-819-C41-821-C41-822-A01-823-A01-824-A01-825-A01-826-A-860-C41-900-A01-940-B0111-941-B-980-B-,10,60,59961
0,19,20,1.0,0.9230769230769231,0.10078180081645664,0.0,1.0,0.8333333333333334,0.3157894736842105,0.25,0.12765694770084507,4,0.0,1.0,0.96,0.88,0.9333333333333333,0.875,0.96,0.88,0.9333333333333333,0.875,0.1282051282051282,1.0,0.2154696132596685,20|1034-C41-1078-A01-1122-A01-1166-A01-1210-A-726-A-770-A01-814-A01-858-A01-902-A01-946-C41-983-A-984-A01-985-A01-986-A01-987-A01-988-A01-989-C41-991-C41-992-A01-993-A01-994-A01-995-A-,10,60,59962
3,14,18,0.9,0.5714285714285714,0.21479315980594751,0.6666666666666666,0.5,0.6875,0.35294117647058826,0.23529411764705882,0.2808833628231622,4,0.125,0.8235294117647058,0.5217391304347826,0.5217391304347826,0.6666666666666666,0.8888888888888888,0.6956521739130435,0.6956521739130435,0.8333333333333334,0.8888888888888888,0.16071428571428573,0.25,0.27611940298507465,18|700-A-740-A01-780-C41-813-A-814-A01-815-A01-816-A01-817-A01-818-A01-819-C41-821-C41-822-A01-823-A01-824-A01-825-A01-826-A-860-C41-900-A01-940-B0111-941-B-980-B-,10,60,59963
3,14,18,0.9,0.5714285714285714,0.21479315980594751,0.6666666666666666,0.5,0.6875,0.35294117647058826,0.23529411764705882,0.2808833628231622,4,0.125,0.8235294117647058,0.5217391304347826,0.5217391304347826,0.6666666666666666,0.8888888888888888,0.6956521739130435,0.6956521739130435,0.8333333333333334,0.8888888888888888,0.16071428571428573,0.25,0.27611940298507465,18|700-A-740-A00-780-C40-813-A-814-A01-815-A01-816-A01-817-A01-818-A01-819-C41-821-C41-822-A01-823-A01-824-A01-825-A01-826-A-860-C41-900-A01-940-B0111-941-B-980-B-,10,60,59964
3,14,18,0.9,0.5714285714285714,0.21479315980594751,0.6666666666666666,0.5,0.6875,0.35294117647058826,0.23529411764705882,0.2808833628231622,4,0.125,0.8235294117647058,0.5217391304347826,0.5217391304347826,0.6666666666666666,0.8888888888888888,0.6956521739130435,0.6956521739130435,0.8333333333333334,0.8888888888888888,0.16071428571428573,0.25,0.27611940298507465,18|700-A-740-A01-780-C41-813-A-814-A01-815-A01-816-A01-817-A01-818-A01-819-C41-821-C41-822-A01-823-A01-824-A01-825-A01-826-A-860-C41-900-A01-940-B0111-941-B-980-B-,10,60,59965
0,19,20,1.0,0.9230769230769231,0.10078180081645664,0.0,1.0,0.8333333333333334,0.3157894736842105,0.25,0.12765694770084507,4,0.0,1.0,0.96,0.88,0.9333333333333333,0.875,0.96,0.88,0.9333333333333333,0.875,0.1282051282051282,1.0,0.2154696132596685,20|1034-C41-1078-A01-1122-A01-1166-A01-1210-A-726-A-770-A01-814-A01-858-A01-902-A01-946-C41-983-A-984-A01-985-A01-986-A01-987-A01-988-A01-989-C41-991-C41-992-A01-993-A01-994-A01-995-A-,10,60,59966
3,14,18,0.9,0.5714285714285714,0.21479315980594751,0.6666666666666666,0.5,0.6875,0.35294117647058826,0.23529411764705882,0.2808833628231622,4,0.125,0.8235294117647058,0.5217391304347826,0.5217391304347826,0.6666666666666666,0.8888888888888888,0.6956521739130435,0.6956521739130435,0.8333333333333334,0.8888888888888888,0.16071428571428573,0.25,0.27611940298507465,18|700-A-740-A01-780-C41-813-A-814-A01-815-A01-816-A01-817-A01-818-A01-819-C41-821-C41-822-A01-823-A01-824-A01-825-A01-826-A-860-C41-900-A01-940-B0111-941-B-980-B-,10,60,59967
3,14,18,0.9,0.5714285714285714,0.21479315980594751,0.6666666666666666,0.5,0.6875,0.35294117647058826,0.23529411764705882,0.2808833628231622,4,0.125,0.8235294117647058,0.5217391304347826,0.5217391304347826,0.6666666666666666,0.8888888888888888,0.6956521739130435,0.6956521739130435,0.8333333333333334,0.8888888888888888,0.16071428571428573,0.25,0.27611940298507465,18|700-A-740-A01-780-C41-813-A-814-A01-815-A01-816-A01-817-A01-818-A01-819-C41-821-C41-822-A01-823-A01-824-A01-825-A01-826-A-860-C41-900-A01-940-B0111-941-B-980-B-,10,60,59968
3,14,18,0.9,0.5714285714285714,0.21479315980594751,0.6666666666666666,0.5,0.6875,0.35294117647058826,0.23529411764705882,0.2808833628231622,4,0.125,0.8235294117647058,0.5217391304347826,0.5217391304347826,0.6666666666666666,0.8888888888888888,0.6956521739130435,0.6956521739130435,0.8333333333333334,0.8888888888888888,0.16071428571428573,0.25,0.27611940298507465,18|700-A-740-A01-780-C41-813-A-814-A01-815-A01-816-A01-817-A01-818-A01-819-C41-821-C41-822-A01-823-A01-824-A01-825-A01-826-A-860-C41-900-A01-940-B0111-941-B-980-B-,10,60,59969
3,14,18,0.9,0.5714285714285714,0.21479315980594751,0.6666666666666666,0.5,0.6875,0.35294117647058826,0.23529411764705882,0.2808833628231622,4,0.125,0.8235294117647058,0.5217391304347826,0.5217391304347826,0.6666666666666666,0.8888888888888888,0.6956521739130435,0.6956521739130435,0.8333333333333334,0.8888888888888888,0.16071428571428573,0.25,0.27611940298507465,18|700-A-740-A01-780-C41-813-A-814-A01-815-A01-816-A01-817-A01-818-A01-819-C41-821-C41-822-A01-823-A01-824-A01-825-A01-826-A-860-C41-900-A01-940-B0111-941-B-980-B-,10,60,59970
3,14,18,0.9,0.5714285714285714,0.21479315980594751,0.6666666666666666,0.5,0.6875,0.35294117647058826,0.23529411764705882,0.2808833628231622,4,0.125,0.8235294117647058,0.5217391304347826,0.5217391304347826,0.6666666666666666,0.8888888888888888,0.6956521739130435,0.6956521739130435,0.8333333333333334,0.8888888888888888,0.16071428571428573,0.25,0.27611940298507465,18|700-A-740-A01-780-C41-813-A-814-A01-815-A01-816-A01-817-A01-818-A01-819-C41-821-C41-822-A01-823-A01-824-A01-825-A01-826-A-860-C41-900-A01-940-B0111-941-B-980-B-,10,60,59971
3,14,18,0.9,0.5714285714285714,0.21479315980594751,0.6666666666666666,0.5,0.6875,0.35294117647058826,0.23529411764705882,0.2808833628231622,4,0.125,0.8235294117647058,0.5217391304347826,0.5217391304347826,0.6666666666666666,0.8888888888888888,0.6956521739130435,0.6956521739130435,0.8333333333333334,0.8888888888888888,0.16071428571428573,0.25,0.27611940298507465,18|700-A-740-A01-780-C41-813-A-814-A01-815-A01-816-A01-817-A01-818-A01-819-C41-821-C41-822-A01-823-A01-824-A01-825-A01-826-A-860-C41-900-A01-940-B0111-941-B-980-B-,10,60,59972
3,14,18,0.9,0.5714285714285714,0.21479315980594751,0.6666666666666666,0.5,0.6875,0.35294117647058826,0.23529411764705882,0.2808833628231622,4,0.125,0.8235294117647058,0.5217391304347826,0.5217391304347826,0.6666666666666666,0.8888888888888888,0.6956521739130435,0.6956521739130435,0.8333333333333334,0.8888888888888888,0.16071428571428573,0.25,0.27611940298507465,18|700-A-740-A01-780-C41-813-A-814-A01-815-A01-816-A01-817-A01-818-A01-819-C41-821-C41-822-A01-823-A01-824-A01-825-A01-826-A-860-C41-900-A01-940-B0111-941-B-980-B-,10,60,59973
13,0,14,0.7,0.6666666666666666,0.19358549834027566,0.6,0.6,0.4166666666666667,0.38461538461538464,0.21153846153846154,0.3795166950355407,4,0.0,0.0,0.631578947368421,0.7368421052631579,0.75,0.6153846153846154,0.631578947368421,0.7368421052631579,0.75,0.6153846153846154,0.25925925925925924,0.25,0.463768115942029,14|432-B-464-B01-493-B-496-C41-525-B1121-526-B01-527-C41-529-C41-530-B-557-B-560-C41-592-B01-624-B0111-625-B-656-B01-688-B21-689-B-,10,60,59974
15,0,16,0.8,0.8333333333333334,0.12765694770084507,0.8181818181818182,0.8181818181818182,0.14285714285714285,0.2,0.17777777777777776,0.08333333333333333,3,0.0,0.0,0.5714285714285714,0.8,0.6666666666666666,0.7368421052631579,0.5714285714285714,0.8,0.6666666666666666,0.7368421052631579,0.5333333333333333,0.5,0.8292682926829268,16|627-B-628-B-632-B-663-B10-664-B001020-665-C40-667-C40-668-B1020-699-B-700-B10-702-C40-704-B-736-B-737-B0020-738-B001020-739-B-773-B-774-B-,10,60,59975
3,14,18,0.9,0.5714285714285714,0.21479315980594751,0.6666666666666666,0.5,0.6875,0.35294117647058826,0.23529411764705882,0.2808833628231622,4,0.125,0.8235294117647058,0.5217391304347826,0.5217391304347826,0.6666666666666666,0.8888888888888888,0.6956521739130435,0.6956521739130435,0.8333333333333334,0.8888888888888888,0.16071428571428573,0.25,0.27611940298507465,18|700-A-740-A01-780-C41-813-A-814-A01-815-A01-816-A01-817-A01-818-A01-819-C41-821-C41-822-A01-823-A01-824-A01-825-A01-826-A-860-C41-900-A01-940-B0111-941-B-980-B-,10,60,59976
3,14,18,0.9,0.5714285714285714,0.21479315980594751,0.6666666666666666,0.5,0.6875,0.35294117647058826,0.23529411764705882,0.2808833628231622,4,0.125,0.8235294117647058,0.5217391304347826,0.5217391304347826,0.6666666666666666,0.8888888888888888,0.6956521739130435,0.6956521739130435,0.8333333333333334,0.8888888888888888,0.16071428571428573,0.25,0.27611940298507465,18|700-A-740-A01-780-C41-813-A-814-A01-815-A01-816-A01-817-A01-818-A01-819-C41-821-C41-822-A01-823-A01-824-A01-825-A01-826-A-860-C41-900-A01-940-B0111-941-B-980-B-,10,60,59977
13,0,14,0.7,0.6666666666666666,0.19358549834027566,0.6,0.6,0.4166666666666667,0.38461538461538464,0.21153846153846154,0.3795166950355407,4,0.0,0.0,0.631578947368421,0.7368421052631579,0.75,0.6153846153846154,0.631578947368421,0.7368421052631579,0.75,0.6153846153846154,0.25925925925925924,0.25,0.463768115942029,14|432-B-464-B01-493-B-496-C41-525-B1121-526-B01-527-C41-529-C41-530-B-557-B-560-C41-592-B01-624-B0111-625-B-656-B01-688-B21-689-B-,10,60,59978
3,14,18,0.9,0.5714285714285714,0.21479315980594751,0.6666666666666666,0.5,0.6875,0.35294117647058826,0.23529411764705882,0.2808833628231622,4,0.125,0.8235294117647058,0.5217391304347826,0.5217391304347826,0.6666666666666666,0.8888888888888888,0.6956521739130435,0.6956521739130435,0.8333333333333334,0.8888888888888888,0.16071428571428573,0.25,0.27611940298507465,18|700-A-740-A01-780-C41-813-A-814-A01-815-A01-816-A01-817-A01-818-A01-819-C41-821-C41-822-A01-823-A01-824-A01-825-A01-826-A-860-C41-900-A01-940-B0111-941-B-980-B-,10,60,59979
3,14,18,0.9,0.5714285714285714,0.21479315980594751,0.6666666666666666,0.5,0.6875,0.35294117647058826,0.23529411764705882,0.2808833628231622,4,0.125,0.8235294117647058,0.5217391304347826,0.5217391304347826,0.6666666666666666,0.8888888888888888,0.6956521739130435,0.6956521739130435,0.8333333333333334,0.8888888888888888,0.16071428571428573,0.25,0.27611940298507465,18|700-A-740-A01-780-C41-813-A-814-A01-815-A01-816-A01-817-A01-818-A01-819-C41-821-C41-822-A01-823-A01-824-A01-825-A01-826-A-860-C41-900-A01-940-B0111-941-B-980-B-,10,60,59980
3,14,18,0.9,0.5714285714285714,0.21479315980594751,0.6666666666666666,0.5,0.6875,0.35294117647058826,0.23529411764705882,0.2808833628231622,4,0.125,0.8235294117647058,0.5217391304347826,0.5217391304347826,0.6666666666666666,0.8888888888888888,0.6956521739130435,0.6956521739130435,0.8333333333333334,0.8888888888888888,0.16071428571428573,0.25,0.27611940298507465,18|700-A-740-A01-780-C41-813-A-814-A01-815-A01-816-A01-817-A01-818-A01-819-C41-821-C41-822-A01-823-A01-824-A01-825-A01-826-A-860-C41-900-A01-940-B0111-941-B-980-B-,10,60,59981
0,19,20,1.0,0.9230769230769231,0.10078180081645664,0.0,1.0,0.8333333333333334,0.3157894736842105,0.25,0.12765694770084507,4,0.0,1.0,0.96,0.88,0.9333333333333333,0.875,0.96,0.88,0.9333333333333333,0.875,0.1282051282051282,1.0,0.2154696132596685,20|1034-C41-1078-A01-1122-A01-1166-A01-1210-A-726-A-770-A00-814-A00-858-A00-902-A00-946-C40-983-A-984-A01-985-A01-986-A01-987-A01-988-A00-989-C40-991-C40-992-A00-993-A00-994-A00-995-A-,10,60,59982
13,0,14,0.7,0.6666666666666666,0.19358549834027566,0.6,0.6,0.4166666666666667,0.38461538461538464,0.21153846153846154,0.3795166950355407,4,0.0,0.0,0.631578947368421,0.7368421052631579,0.75,0.6153846153846154,0.631578947368421,0.7368421052631579,0.75,0.6153846153846154,0.25925925925925924,0.25,0.463768115942029,14|432-B-464-B01-493-B-496-C41-525-B1121-526-B01-527-C41-529-C41-530-B-557-B-560-C41-592-B01-624-B0111-625-B-656-B01-688-B21-689-B-,10,60,59983
15,0,16,0.8,0.8333333333333334,0.12765694770084507,0.8181818181818182,0.8181818181818182,0.14285714285714285,0.2,0.17777777777777776,0.08333333333333333,3,0.0,0.0,0.5714285714285714,0.8,0.6666666666666666,0.7368421052631579,0.5714285714285714,0.8,0.6666666666666666,0.7368421052631579,0.5333333333333333,0.5,0.8292682926829268,16|627-B-628-B-632-B-663-B10-664-B001020-665-C40-667-C40-668-B1020-699-B-700-B10-702-C40-704-B-736-B-737-B0020-738-B001020-739-B-773-B-774-B-,10,60,59984
3,14,18,0.9,0.5714285714285714,0.21479315980594751,0.6666666666666666,0.5,0.6875,0.35294117647058826,0.23529411764705882,0.2808833628231622,4,0.125,0.8235294117647058,0.5217391304347826,0.5217391304347826,0.6666666666666666,0.8888888888888888,0.6956521739130435,0.6956521739130435,0.8333333333333334,0.8888888888888888,0.16071428571428573,0.25,0.27611940298507465,18|700-A-740-A01-780-C41-813-A-814-A01-815-A01-816-A01-817-A01-818-A01-819-C41-821-C41-822-A01-823-A01-824-A01-825-A01-826-A-860-C41-900-A01-940-B0111-941-B-980-B-,10,60,59985
3,14,18,0.9,0.5714285714285714,0.21479315980594751,0.6666666666666666,0.5,0.6875,0.35294117647058826,0.23529411764705882,0.2808833628231622,4,0.125,0.8235294117647058,0.5217391304347826,0.5217391304347826,0.6666666666666666,0.8888888888888888,0.6956521739130435,0.6956521739130435,0.8333333333333334,0.8888888888888888,0.16071428571428573,0.25,0.27611940298507465,18|700-A-740-A01-780-C41-813-A-814-A01-815-A01-816-A01-817-A01-818-A01-819-C41-821-C41-822-A01-823-A01-824-A01-825-A01-826-A-860-C41-900-A01-940-B0111-941-B-980-B-,10,60,59986
3,14,18,0.9,0.5714285714285714,0.21479315980594751,0.6666666666666666,0.5,0.6875,0.35294117647058826,0.23529411764705882,0.2808833628231622,4,0.125,0.8235294117647058,0.5217391304347826,0.5217391304347826,0.6666666666666666,0.8888888888888888,0.6956521739130435,0.6956521739130435,0.8333333333333334,0.8888888888888888,0.16071428571428573,0.25,0.27611940298507465,18|700-A-740-A01-780-C41-813-A-814-A01-815-A01-816-A01-817-A01-818-A01-819-C41-821-C41-822-A01-823-A01-824-A01-825-A01-826-A-860-C41-900-A01-940-B0111-941-B-980-B-,10,60,59987
3,14,18,0.9,0.5714285714285714,0.21479315980594751,0.6666666666666666,0.5,0.6875,0.35294117647058826,0.23529411764705882,0.2808833628231622,4,0.125,0.8235294117647058,0.5217391304347826,0.5217391304347826,0.6666666666666666,0.8888888888888888,0.6956521739130435,0.6956521739130435,0.8333333333333334,0.8888888888888888,0.16071428571428573,0.25,0.27611940298507465,18|700-A-740-A01-780-C41-813-A-814-A01-815-A01-816-A01-817-A01-818-A01-819-C41-821-C41-822-A01-823-A01-824-A01-825-A01-826-A-860-C41-900-A01-940-B0111-941-B-980-B-,10,60,59988
15,0,16,0.8,0.8333333333333334,0.12765694770084507,0.8181818181818182,0.8181818181818182,0.14285714285714285,0.2,0.17777777777777776,0.08333333333333333,3,0.0,0.0,0.5714285714285714,0.8,0.6666666666666666,0.7368421052631579,0.5714285714285714,0.8,0.6666666666666666,0.7368421052631579,0.5333333333333333,0.5,0.8292682926829268,16|627-B-628-B-632-B-663-B10-664-B001020-665-C40-667-C40-668-B1020-699-B-700-B10-702-C40-704-B-736-B-737-B0020-738-B001020-739-B-773-B-774-B-,10,60,59989
3,14,18,0.9,0.5714285714285714,0.21479315980594751,0.6666666666666666,0.5,0.6875,0.35294117647058826,0.23529411764705882,0.2808833628231622,4,0.125,0.8235294117647058,0.5217391304347826,0.5217391304347826,0.6666666666666666,0.8888888888888888,0.6956521739130435,0.6956521739130435,0.8333333333333334,0.8888888888888888,0.16071428571428573,0.25,0.27611940298507465,18|700-A-740-A01-780-C41-813-A-814-A01-815-A01-816-A01-817-A01-818-A01-819-C41-821-C41-822-A01-823-A01-824-A01-825-A01-826-A-860-C41-900-A01-940-B0111-941-B-980-B-,10,60,59990
3,14,18,0.9,0.5714285714285714,0.21479315980594751,0.6666666666666666,0.5,0.6875,0.35294117647058826,0.23529411764705882,0.2808833628231622,4,0.125,0.8235294117647058,0.5217391304347826,0.5217391304347826,0.6666666666666666,0.8888888888888888,0.6956521739130435,0.6956521739130435,0.8333333333333334,0.8888888888888888,0.16071428571428573,0.25,0.27611940298507465,18|700-A-740-A01-780-C41-813-A-814-A01-815-A01-816-A01-817-A01-818-A01-819-C41-821-C41-822-A01-823-A01-824-A01-825-A01-826-A-860-C41-900-A01-940-B0111-941-B-980-B-,10,60,59991
3,14,18,0.9,0.5714285714285714,0.21479315980594751,0.6666666666666666,0.5,0.6875,0.35294117647058826,0.23529411764705882,0.2808833628231622,4,0.125,0.8235294117647058,0.5217391304347826,0.5217391304347826,0.6666666666666666,0.8888888888888888,0.6956521739130435,0.6956521739130435,0.8333333333333334,0.8888888888888888,0.16071428571428573,0.25,0.27611940298507465,18|700-A-740-A01-780-C41-813-A-814-A01-815-A01-816-A01-817-A01-818-A01-819-C41-821-C41-822-A01-823-A01-824-A01-825-A01-826-A-860-C41-900-A01-940-B0111-941-B-980-B-,10,60,59992
3,14,18,0.9,0.5714285714285714,0.21479315980594751,0.6666666666666666,0.5,0.6875,0.35294117647058826,0.23529411764705882,0.2808833628231622,4,0.125,0.8235294117647058,0.5217391304347826,0.5217391304347826,0.6666666666666666,0.8888888888888888,0.6956521739130435,0.6956521739130435,0.8333333333333334,0.8888888888888888,0.16071428571428573,0.25,0.27611940298507465,18|700-A-740-A01-780-C41-813-A-814-A01-815-A01-816-A01-817-A01-818-A01-819-C41-821-C41-822-A01-823-A01-824-A01-825-A01-826-A-860-C41-900-A01-940-B0111-941-B-980-B-,10,60,59993
3,14,18,0.9,0.5714285714285714,0.21479315980594751,0.6666666666666666,0.5,0.6875,0.35294117647058826,0.23529411764705882,0.2808833628231622,4,0.125,0.8235294117647058,0.5217391304347826,0.5217391304347826,0.6666666666666666,0.8888888888888888,0.6956521739130435,0.6956521739130435,0.8333333333333334,0.8888888888888888,0.16071428571428573,0.25,0.27611940298507465,18|700-A-740-A01-780-C41-813-A-814-A01-815-A01-816-A01-817-A01-818-A01-819-C41-821-C41-822-A01-823-A01-824-A01-825-A01-826-A-860-C41-900-A01-940-B0111-941-B-980-B-,10,60,59994
3,14,18,0.9,0.5714285714285714,0.21479315980594751,0.6666666666666666,0.5,0.6875,0.35294117647058826,0.23529411764705882,0.2808833628231622,4,0.125,0.8235294117647058,0.5217391304347826,0.5217391304347826,0.6666666666666666,0.8888888888888888,0.6956521739130435,0.6956521739130435,0.8333333333333334,0.8888888888888888,0.16071428571428573,0.25,0.27611940298507465,18|700-A-740-A01-780-C41-813-A-814-A01-815-A01-816-A01-817-A01-818-A01-819-C41-821-C41-822-A01-823-A01-824-A01-825-A01-826-A-860-C41-900-A01-940-B0111-941-B-980-B-,10,60,59995
0,19,20,1.0,0.9230769230769231,0.10078180081645664,0.0,1.0,0.8333333333333334,0.3157894736842105,0.25,0.12765694770084507,4,0.0,1.0,0.96,0.88,0.9333333333333333,0.875,0.96,0.88,0.9333333333333333,0.875,0.1282051282051282,1.0,0.2154696132596685,20|1034-C41-1078-A01-1122-A01-1166-A01-1210-A-726-A-770-A01-814-A01-858-A01-902-A01-946-C41-983-A-984-A01-985-A01-986-A01-987-A01-988-A01-989-C41-991-C41-992-A01-993-A01-994-A01-995-A-,10,60,59996
3,14,18,0.9,0.5714285714285714,0.21479315980594751,0.6666666666666666,0.5,0.6875,0.35294117647058826,0.23529411764705882,0.2808833628231622,4,0.125,0.8235294117647058,0.5217391304347826,0.5217391304347826,0.6666666666666666,0.8888888888888888,0.6956521739130435,0.6956521739130435,0.8333333333333334,0.8888888888888888,0.16071428571428573,0.25,0.27611940298507465,18|700-A-740-A01-780-C41-813-A-814-A01-815-A01-816-A01-817-A01-818-A01-819-C41-821-C41-822-A01-823-A01-824-A01-825-A01-826-A-860-C41-900-A01-940-B0111-941-B-980-B-,10,60,59997
0,19,20,1.0,0.9230769230769231,0.10078180081645664,0.0,1.0,0.8333333333333334,0.3157894736842105,0.25,0.12765694770084507,4,0.0,1.0,0.96,0.88,0.9333333333333333,0.875,0.96,0.88,0.9333333333333333,0.875,0.1282051282051282,1.0,0.2154696132596685,20|1034-C41-1078-A01-1122-A01-1166-A01-1210-A-726-A-770-A01-814-A01-858-A01-902-A01-946-C41-983-A-984-A01-985-A01-986-A01-987-A01-988-A01-989-C41-991-C41-992-A01-993-A01-994-A01-995-A-,10,60,59998
3,14,18,0.9,0.5714285714285714,0.21479315980594751,0.6666666666666666,0.5,0.6875,0.35294117647058826,0.23529411764705882,0.2808833628231622,4,0.125,0.8235294117647058,0.5217391304347826,0.5217391304347826,0.6666666666666666,0.8888888888888888,0.6956521739130435,0.6956521739130435,0.8333333333333334,0.8888888888888888,0.16071428571428573,0.25,0.27611940298507465,18|700-A-740-A01-780-C41-813-A-814-A01-815-A01-816-A01-817-A01-818-A01-819-C41-821-C41-822-A01-823-A01-824-A01-825-A01-826-A-860-C41-900-A01-940-B0111-941-B-980-B-,10,60,59999
3,14,18,0.9,0.5714285714285714,0.21479315980594751,0.6666666666666666,0.5,0.6875,0.35294117647058826,0.23529411764705882,0.2808833628231622,4,0.125,0.8235294117647058,0.5217391304347826,0.5217391304347826,0.6666666666666666,0.8888888888888888,0.6956521739130435,0.6956521739130435,0.8333333333333334,0.8888888888888888,0.16071428571428573,0.25,0.27611940298507465,18|700-A-740-A01-780-C41-813-A-814-A01-815-A01-816-A01-817-A01-818-A01-819-C41-821-C41-822-A01-823-A01-824-A01-825-A01-826-A-860-C41-900-A01-940-B0111-941-B-980-B-,10,60,60000
